docid;title;text;features;category
1;FYY Leather Case with Mirror for Samsung Galaxy S8 Plus, Leather Wallet Flip Folio Case with Mirror and Wrist Strap for Samsung Galaxy S8 Plus Black;Product Description Premium PU Leather Top quality. Made with Premium PU Leather. Receiver design. Accurate cut-out for receiver. Convenient to Answer the phone without open the case. Hand strap makes it easy to carry around. RFID Technique RFID Technique: Radio Frequency Identification technology, through radio signals to identify specific targets and to read and copy electronic data. Most Credit Cards, Debit Cards, ID Cards are set-in the RFID chip, the RFID reader can easily read the cards information within 10 feet(about 3m) without touching them. This case is designed to protect your cards information from stealing with blocking material of RFID shielding technology. 100% Handmade 100% Handmade. Perfect craftmanship and reinforced stitching makes it even more durable. Sleek, practical and elegant with a variety of dashing colors. Multiple Functions Card slots are designed for you to put your photo, debit card, credit card or ID card while on the go. Unique design. Cosmetic Mirror inside made for your makeup and beauty. Perfect Viewing Angle. Kickstand function is convenient for movie-watching or video-chatting. Space amplification, convenient to unlock. Kickstand function is convenient for movie-watching or video-chatting. ;"{  ""features"": {    ""product_title"": ""FYY Leather Case with Mirror for Samsung Galaxy S8 Plus, Leather Wallet Flip Folio Case with Mirror and Wrist Strap for Samsung Galaxy S8 Plus Black"",    ""material"": ""Premium PU Leather"",    ""color"": ""Black"",    ""receiver_design"": ""Accurate cut-out for receiver"",    ""hand_strap"": true,    ""rfid_technique"": ""RFID Technique: Radio Frequency Identification technology, through radio signals to identify specific targets and to read and copy electronic data"",    ""handmade"": true,    ""craftsmanship"": ""Perfect craftmanship and reinforced stitching"",    ""card_slots"": true,    ""cosmetic_mirror"": true,    ""kickstand_function"": true,    ""space_amplification"": true  }}";Electronics
2;Playtex Women's 18 Hour Easy On, Easy Off Front & Back Close Post Surgery Bra US400C;Product Description Introducing Playtex 18 hour front & back close wireless bra designed for dressing ease and versatility. Our newest wire free bra is designed in a soft, seamless cotton comfort blend for a smooth look under clothing and incredible comfort against your skin. Designed to offer the convenience of front close bra and a back close bra for easy fastening and removal. Wide comfort straps are soft against the skin. Product Description Introducing Playtex 18 hour front & back close wireless bra designed for dressing ease and versatility. Our newest wire free bra is designed in a soft, seamless cotton comfort blend for a smooth look under clothing and incredible comfort against your skin. Designed to offer the convenience of front close bra and a back close bra for easy fastening and removal. Wide comfort straps are soft against the skin.;"{""features"": {""brand"": ""Playtex"",""model"": ""US400C"",""gender"": ""Women's"",""closure"": ""Front & Back Close"",""wireless"": true,""material"": ""Cotton Comfort Blend"",""seamless"": true,""strap_type"": ""Wide comfort straps""}}";Women's Fashion
4;"YUEPIN U-Tube Clamp 304 Stainless Steel Hose Pipe Cable Strap Clips With Rubber Cushioned (1-21/32""(42mm)-10pcs)";Product Description Specification: Material: 304 Stainless Steel,100% New Rubber Color: Silver Shape: U Shape Quantity: 10 Pieces Note: Note: Since the size above is measured by hand, the size of the actual item you received could be slightly different from the size above. Product Description Specification: Material: 304 Stainless Steel,100% New Rubber Color: Silver Shape: U Shape Quantity: 10 Pieces Note: Note: Since the size above is measured by hand, the size of the actual item you received could be slightly different from the size above.;"{""features"": {""Material"": ""304 Stainless Steel,100% New Rubber"", ""Color"": ""Silver"", ""Shape"": ""U Shape"", ""Quantity"": ""10 Pieces""}}";Automotive
5;Bruce's Big Storm (Mother Bruce Series);;"{""features"": ""Bruce's Big Storm (Mother Bruce Series)""}";Books
6;DJI Shoulder Neck Strap Belt Sling Lanyard Necklaces for Dji Phantom 3 Inspire 1 Remote;Product Description Specifications: Item Conditon : Brand New Item name : Remote Controller Strap Color : Black Model : DJI Inspire 1 DJI &DJI phantom 3 professional With beautiful and adjustable design Package Includes: 1 x original neck strap for DJI phantom 3 and inspire 1 (The transmitter is not included) Product Description Specifications: Item Conditon : Brand New Item name : Remote Controller Strap Color : Black Model : DJI Inspire 1 DJI &DJI phantom 3 professional With beautiful and adjustable design Package Includes: 1 x original neck strap for DJI phantom 3 and inspire 1 (The transmitter is not included);"{  ""features"": {    ""Item Condition"": ""Brand New"",    ""Item name"": ""Remote Controller Strap"",    ""Color"": ""Black"",    ""Model"": ""DJI Inspire 1 DJI &DJI phantom 3 professional"",    ""Package Includes"": ""1 x original neck strap for DJI phantom 3 and inspire 1 (The transmitter is not included)""  }}";Toys and Games
7;Crocs Jibbitz 5-Pack Alien Shoe Charms | Jibbitz for Crocs;From the brand Previous page Shop Crocs Collections Visit the Store What makes our products unique? We design unparalleled comfort for everywhere you go while innovating for personalization, so you hold the power to make your Crocs uniquely you. What problem are we solving? Comfort at every level, for the body and soul. We want you to stay true to who you are, what you want, and be able to celebrate your uniqueness. Because when you’re comfortable, you can do anything. How did we get our start? We made our debut in 2002 as a boating shoe and became the shoe of choice for those looking for comfort and style. Today, our shoes are also a blank canvas for artists, partners, and customers so we can create something authentic together. Crocs Clogs Crocs Sandals Crocs at Work Crocs Jibbitz Crocs Kids Crocs is a brand of the people, for the people and we believe that everyone should be comfortable in their own shoes. We embrace and celebrate the uniqueness in everyone, inviting the world to Come As You Are. Next page From the manufacturer Read more Read more Great for everyone Fun Styling Personalization Read more Read more Jibbitz Everything Nice Pack Jibbitz Peace, Love and Outdoors Pack Jibbitz Letters Crocs with Charms Classic Clog Explore Similar Products Pop some unicorns into your shoes with Jibbitz shoe charms. Pop some peace, love and outdoors charms into your shoes with Jibbitz shoe charms. Pop some letters into your shoes with Jibbitz shoe charms. This set includes a pair of Classic Clogs and a pack of Jibbitz shoe charms. It’s the iconic clog that started a comfort revolution around the world! Key Features Jibbitz are the perfect addition to your favorite pairs of clogs, slides, and more. Not a toy. Not intended for children under 3 years of age. Jibbitz are the perfect addition to your favorite pairs of clogs, slides, and more. Not a toy. Not intended for children under 3 years of age. Jibbitz are the perfect addition to your favorite pairs of clogs, slides, and more. Not a toy. Not intended for children under 3 years of age. Jibbitz are the perfect addition to your favorite pairs of clogs, slides, and more. Not a toy. Not intended for children under 3 years of age. Incredibly light and fun to wear. Water-friendly. Easy to clean and quick to dry. Pivoting heel straps for a more secure fit. Customizable with Jibbitz charms. Iconic Crocs Comfort: Lightweight. Flexible. 360-degree comfort. Fit N/A N/A N/A Roomy fit Roomy fit Size Up or Down N/A N/A N/A Size down to the next largest whole size Size down to the next largest whole size ;"{""features"": ""{'Product title': 'Crocs Jibbitz 5-Pack Alien Shoe Charms | Jibbitz for Crocs', 'From the brand': 'Previous page Shop Crocs Collections Visit the Store', 'What makes our products unique?': 'We design unparalleled comfort for everywhere... '}""}";Toys and Games
10;Design Toscano QM2787100 Darby, the Forest Fawn Baby Deer Statue,full color;;"{""features"": {  ""title"": ""Design Toscano QM2787100 Darby, the Forest Fawn Baby Deer Statue"",  ""color"": ""full color""}}";null
11;Zeagoo Women's Open Front Cardigan 3/4 Sleeve Draped Ruffles Soft Knit Sweaters;From the brand Lightweight Cardigan Previous page Best choice Black cardigan for women Most Wished Navy cardigan women Wardrobe Essentials Grey cardigan women New Color You will like--- Next page Product Description NOTE Lightweight and skin friendly fabric, a little thinner than a t-shirt, so that does cause it to wrinkle. When you receive it you can wash it in cold and hung on a hanger to dry and the wrinkles will decrease. Just the right thickness for Summer evenings or Spring/Fall.The light color, like white, may be a little see through. Note: Do remind to check the size chart before ordering. This cardigan is in normal size, if you are more like a loose sense, then ordered up a size and the sleeve is slim fit! Tip: Color may vary slightly from image. Colors may vary from different viewing devices.. For the color of the product, please refer to the actual received. DESIGN&OCCASION Great for jeans, leggings, or little dresses,completes an out fit for a wedding! Perfect sweater for just about any event - I bought it for a chamber music performance, and also wear it to teach and for church. It is very comfortable, soft, and flattering! I bought 2 colors Gray and brown . They are fantastic the material very soft and very light excellent for office . I wear all the time at work. The fitting was so perfect . I highly recommend this product to my co workers and to all woman who loves to wear light blazer! I ordered this to go over a sleeveless dress. I love it! The cut is flattering, not boxy. I’m 5’ 4” and weigh about 185. I ordered an XL and it fits great. The length covers my bubble butt. Sleeves are 3/4 length and easily push up and STAY! Not tight on upper arms. It is made of cotton and spandex, not sheer so it covers what needs to be covered without being bulky. Highly recommended! HIGH QUANLITY MATERIAL Does this wrinkle easily? Is this hard to iron? The material is super soft,does not wrinkle and washes great!! If you dry on low, take out of dryer quickly and hang u, it does not need ironing. It doesn't wrinkle easily. Once it fell off the chair I had it on and was on the floor overnight, and it only wrinkled a bit. I lightly steamed it, and it was fine. When I took it out of the package, it smelled bad. Always wash before putting on clothes. After washing, there will be no smell and no wrinkles. I LOVE LOVE LOVE this little cardi!!! The material is soft, its really good quality, not thin, not thick, 3/4 sleeves looks just like the picture the seller posted & it’s perfect, it lays nicely & I absolutely love it I wish they had it in every color ! For reference, I am 5’3” & I weigh 134lbs, I purchased a small & it’s fits me perfectly! Great for jeans, leggings, or little dresses, I’m sooooo happy I bought this. I do not put most of my clothes from Amazon in the dryer, esp if I’m unsure of quality, so idk if it would shrink, I wash everything on normal then hang to dry & my clothes, I lightly sprayed this cardi with some water in a spray bottle after hanging to dry & it looked like I ironed it. About Size: Depending on her type of body on the top, I'm 5'2, small torso, 36C (it doesn't matter because it is open). I think the small will fit. It is beautiful I think it runs true to size. I’m 5’1” and weigh 147 . I got a medium and am very happy with the way it hangs...hope this helps! It’s really cute and the fabric is very soft. I ordered this to go over a sleeveless dress. I love it! The cut is flattering, not boxy. I’m 5’ 4” and weigh about 185 . I ordered an XL and it fits great. The length covers my bubble butt. Sleeves are 3/4 length and easily push up and STAY! Not tight on upper arms. This is the perfect light weight sweater cardigan . I am 5ft 4inches and 165 pounds . I bought black xxl . I am a 40 c . The sleeves go two tge elbow not past . The sleeve has a nice fit . I just returned from the pool . I had a black cover up and put this light cardigan on . It is perfect . I realize that black on black on black is difficult to see . I bought 2 more . I will do a color reveiw and let you know how they hold up . I must say this is the perfect spring and summer light sweater /jacket. SIZE&COLOR Material : 95% Rayon, 5%Spandex Sleeve : Three-quarter sleeves Pattern : Classic solid color, tie-dye series, leopard print series Feature : Flounce Hem Garment Care : Washing max 40°C Package Content : 1 x Women Cardigan Our Model Information : Height 175cm, Bust 90cm, Waist 60cm, Hip 90cm Size : There are 5 sizes (S, M, L, XL, XXL) available for the following listing. please allow 1-2cm differs due to manual measurement, thanks (All measurement in cm and please note 1cm=0.3937inch) Tip : There may be slight differences between the picture and the actual product. For the color of the product, please refer to the actual received. Sleeveless Vest Long Sleeve Cardigan Floral Tank Tops Flowy Tunic Tops Lace Dress Extender Full Slip Women's Sweater Vests Women's Cardigans Women's Tanks & Camis Women's Tanks & Camis Women's Full Slips Women's Sleepwear ;"{""features"": {""product_title"": ""Zeagoo Women's Open Front Cardigan 3/4 Sleeve Draped Ruffles Soft Knit Sweaters"", ""brand"": ""Zeagoo"", ""sleeve_length"": ""3/4 Sleeve"", ""material"": ""95% Rayon, 5% Spandex"", ""pattern"": ""Classic solid color, tie-dye series, leopard print series"", ""garment_care"": ""Washing max 40°C"", ""sizes_available"": [""S"", ""M"", ""L"", ""XL"", ""XXL""], ""product_type"": ""Cardigan"", ""style"": ""Open front, draped ruffles, soft knit"", ""occasion"": ""Great for jeans, leggings, or little dresses"", ""model_information"": {""height"": ""175cm"", ""bust"": ""90cm"", ""waist"": ""60cm"", ""hip"": ""90cm""}}}";Women's Fashion
12;Rekayla Open Toe Tie Up Ankle Wrap Flat Sandals for Women;From the brand Previous page REKAYLA is a fresh new brand that wants to provide a top quality product to women all over the world. Its about being comfortable, and beautiful, feeling at home in your own shoes. We want to allow women to be empowered to reach their goals. Rekayla Women Flat Sandals Next page Product Description Read more OUR STORY ： REKAYLA is a fresh new brand that wants to provide a top quality product to women all over the world, everyone is able to reach. Its about being comfortable, and beautiful, feeling at home in your own shoes. We want to allow women to be empowered to reach their goals. WHAT'S YOUR COLOR? Find your favorite color, and take these tie up sandals to enjoy a casual summer trip PREFECT FOR SUMMER The sandal is a must-have item for the summer season.Anti-sliding, easy to carry. Ease foot pain, more suitable for long time walking. Elastic sandals Thong sandals Ankle strap sandals FEATURE Elastic strap、Open toe、V-shape T-strap、Buckle closure Ankle strap、Buckle closure、Open toe COLOR Black、Inky Navy、Khaki Green、Beige、Brown、Gold、Red Black、White、Navy Blue、Brown、Gold、Silver Brown-black、Black、Brown、White、Gold-nude、Nude、Red ;"{""features"": ""['Open toe', 'Tie-up ankle wrap', 'Flat', 'Elastic strap', 'V-shape T-strap', 'Buckle closure', 'Color options: Black, Inky Navy, Khaki Green, Beige, Brown, Gold, Red', 'Color options: Black, White, Navy Blue, Brown, Gold, Silver', 'Color options: Brown-black, Black, Brown, White, Gold-nude, Nude, Red']""}";Women's Fashion
13;Apron for Women, Waterproof Adjustable Bib Cooking Aprons with Pocket-2 Side Coral Velvet Towels Stitched Durable Pinstripe Aprons for Dishwashing, Baking, Grill, Restaurant Even Garden Craft;;"{""features"": {  ""title"": ""Apron for Women"",  ""adjustable"": true,  ""waterproof"": true,  ""withPocket"": true,  ""towels"": ""2 Side Coral Velvet"",  ""stitched"": true,  ""durable"": true,  ""pinstripe"": true,  ""activities"": [""Dishwashing"", ""Baking"", ""Grill"", ""Restaurant"", ""Garden Craft""]}}";Home and Kitchen
14;DIY 5D Diamond Painting by Number Kit for Adult, Full Drill Crystal Rhinestone Embroidery Cross Stitch Diamond Embroidery Dotz Kit Home Wall Decor 15.8×11.8 Inch (Wolf);Product Description 5D DIY Diamond Painting is the new popular product Can be used in the Bedroom, Dinning Room, Bathroom, Washroom, Kitchen, Study, Home, Office Hotel, Restaurant and Bar,shining in the light , is currently most popular DIY decorations,Wealth and Good Fortune Diamond Painting Embroidery Home Decoration.very shining and bling.Make your house looks more pretty. DIY Diamond painting instruction steps 1.Take out the diamond painting kits 2.Please only need to lift a small part of the release paper, in order to avoid other regional sticky dust affect. 3.Find the corresponding diamond bag according to the numbers or letters, put the diamonds into the tray and shake. 4.Use the penpoint to adsorb the painting muds and diamond, press it to the canvas's corresponding position. 5.Press diamonds on the canvas with book or hand to make them more fixed. then 5d diamond paintings is done. Package Included 1 x Canvas 1 x set Resin Diamonds 1 x Diamond painting pen 1 x Diamond tray 1×Painting Muds SPECIFICATION Diamond Size: 0.1inch Diamond part: Full drill Pattern: Home Letter Cavas Size: 15.8×11.8 inch/ 40*30cm Pasting Area: Full Drill Diamond Shape: Round Use: Entertainment,Gifts,Decoration Note:Normally the diamonds is add 30%, if the diamonds is not enough,pls contact us we will send the diamonds for you Product Description 5D DIY Diamond Painting is the new popular product Can be used in the Bedroom, Dinning Room, Bathroom, Washroom, Kitchen, Study, Home, Office Hotel, Restaurant and Bar,shining in the light , is currently most popular DIY decorations,Wealth and Good Fortune Diamond Painting Embroidery Home Decoration.very shining and bling.Make your house looks more pretty. DIY Diamond painting instruction steps 1.Take out the diamond painting kits 2.Please only need to lift a small part of the release paper, in order to avoid other regional sticky dust affect. 3.Find the corresponding diamond bag according to the numbers or letters, put the diamonds into the tray and shake. 4.Use the penpoint to adsorb the painting muds and diamond, press it to the canvas's corresponding position. 5.Press diamonds on the canvas with book or hand to make them more fixed. then 5d diamond paintings is done. Package Included 1 x Canvas 1 x set Resin Diamonds 1 x Diamond painting pen 1 x Diamond tray 1×Painting Muds SPECIFICATION Diamond Size: 0.1inch Diamond part: Full drill Pattern: Home Letter Cavas Size: 15.8×11.8 inch/ 40*30cm Pasting Area: Full Drill Diamond Shape: Round Use: Entertainment,Gifts,Decoration Note:Normally the diamonds is add 30%, if the diamonds is not enough,pls contact us we will send the diamonds for you;"{""features"": {""Product Title"": ""DIY 5D Diamond Painting by Number Kit for Adult, Full Drill Crystal Rhinestone Embroidery Cross Stitch Diamond Embroidery Dotz Kit Home Wall Decor 15.8×11.8 Inch (Wolf)"", ""Package Included"": ""1 x Canvas 1 x set Resin Diamonds 1 x Diamond painting pen 1 x Diamond tray 1×Painting Muds"", ""Diamond Size"": ""0.1inch"", ""Diamond part"": ""Full drill"", ""Pattern"": ""Home Letter"", ""Cavas Size"": ""15.8×11.8 inch/ 40*30cm"", ""Pasting Area"": ""Full Drill"", ""Diamond Shape"": ""Round"", ""Use"": ""Entertainment,Gifts,Decoration""}}";Arts & Crafts
19;Under Armour Men's Micro G Pursuit-Wide Sneaker, 15;Product Description Lightweight, breathable mesh upper delivers increased ventilation with bonded taping at midfoot. TPU heel overlay for added durability. Enhanced cushioning around ankle collar for superior comfort. Full-length EVA sock liner for added comfort & a custom fit. Cushioned EVA midsole delivers a lightweight & responsive ride. Aggressive outsole traction pattern with slightly raised rubber knobs for added grip. Strategically placed rubber pods beneath the heel & forefoot for greater durability with less weight. Product Description Lightweight, breathable mesh upper delivers increased ventilation with bonded taping at midfoot. TPU heel overlay for added durability. Enhanced cushioning around ankle collar for superior comfort. Full-length EVA sock liner for added comfort & a custom fit. Cushioned EVA midsole delivers a lightweight & responsive ride. Aggressive outsole traction pattern with slightly raised rubber knobs for added grip. Strategically placed rubber pods beneath the heel & forefoot for greater durability with less weight.;"{""features"": {""Title"": ""Under Armour Men's Micro G Pursuit-Wide Sneaker, 15"", ""Description"": ""Lightweight, breathable mesh upper delivers increased ventilation with bonded taping at midfoot. TPU heel overlay for added durability. Enhanced cushioning around ankle collar for superior comfort. Full-length EVA sock liner for added comfort & a custom fit. Cushioned EVA midsole delivers a lightweight & responsive ride. Aggressive outsole traction pattern with slightly raised rubber knobs for added grip. Strategically placed rubber pods beneath the heel & forefoot for greater durability with less weight.""}}";Men's Fashion
21;Drake Feelings MyFaveGift Drizzy Champagne Papi If You're Reading This You're Too Close 11oz Coffee Mug Cup Gifts For Drake Lover;;"{""features"": {""product_title"": ""Drake Feelings MyFaveGift Drizzy Champagne Papi If You're Reading This You're Too Close 11oz Coffee Mug Cup Gifts For Drake Lover""}}";Home and Kitchen
22;Spider-Man: Homecoming Spider Sight Mask;Product Description Set your sights on suiting up like Spider-Man! With the Spider Sight mask, kids can pretend to be one of their favorite web-slinging, wall-crawling Super Heroes. This mask features moving eyes that are activated when the wearer opens their mouth. Each mask includes a flexible band to fit most kids and adults, and features a movie like appearance to Spider-Man Homecoming. Copyright 2016 Marvel. Hasbro and all related terms are trademarks of Hasbro. Product Description Set your sights on suiting up like Spider-Man! With the Spider Sight mask, kids can pretend to be one of their favorite web-slinging, wall-crawling Super Heroes. This mask features moving eyes that are activated when the wearer opens their mouth. Each mask includes a flexible band to fit most kids and adults, and features a movie like appearance to Spider-Man Homecoming. Copyright 2016 Marvel. Hasbro and all related terms are trademarks of Hasbro.From the manufacturer Copyright 2016 Marvel. Hasbro and all related terms are trad Hasbro is committed to being an ethical and responsible company and is a recognized toy industry leader in the areas of product safety, environmental sustainability, ethical sourcing and philanthropy. Spider-Man Homecoming Spider Sight Mask Imagine channeling Spider Senses like Spider-Man with the Spider Sight Mask! With the Spider Sight mask, kids can pretend to be one of their favorite web-slinging, wall-crawling Super Heroes. This mask features moving eyes that are activated when the wearer opens their mouth. Each mask includes a flexible band to fit most kids and adults, and features movie-inspired detail from Spider-Man: Homecoming. Spider Sight mask features movie-inspired detail from Spider-Man: Homecoming Wear mask and open mouth to make eyes move! Flexible band to fit most kid and adult head sizes Suit up like the web-slinging wall-crawler, Spider-Man Read more Suit up like Spider-Man! Suit up like Spider-Man with the Spider-Man Spider Sight Mask, inspired by the upcoming film, Spider-Man: Homecoming! Imagine swinging into battle like the web-slinger with a mask that features signature red, white, and black design. When the wearer moves their mouth while wearing the mask, Spider-Man’s eyes move! Includes flexible band to fit most kid and adult head sizes. Eyes move when wearer moves mouth The Spider-Man Spider Sight Mask features movable eyes that get set into motion when kids wear the mask and open their mouths! Kids can disguise themselves like the web-slinging wall-crawler, then open their mouths to make their eyes move up and down like Spidey’s! Spider-Man sets his sights on justice! Peter Parker uses his Spider Senses to detect danger and fight off the bad guys! Kids can disguise themselves like Peter Parker does when he suits up with the Spider-Man Spider Sight Mask! Now young heroes-in-training can imagine that they are the friendly neighborhood Spider-Man, swinging into action and saving the day! Read more Includes Includes mask and instructions. Read more ;"{""features"": {""name"": ""Spider-Man: Homecoming Spider Sight Mask"", ""description"": ""Set your sights on suiting up like Spider-Man! With the Spider Sight mask, kids can pretend to be one of their favorite web-slinging, wall-crawling Super Heroes. This mask features moving eyes that are activated when the wearer opens their mouth. Each mask includes a flexible band to fit most kids and adults, and features a movie like appearance to Spider-Man Homecoming."", ""copyright"": ""Copyright 2016 Marvel. Hasbro and all related terms are trademarks of Hasbro."", ""movement"": ""Moving eyes activated when wearer opens their mouth"", ""band"": ""Flexible band to fit most kids and adults"", ""appearance"": ""Movie-like appearance to Spider-Man Homecoming""}}";Toys and Games
23;Tee Luv ICEE Polar Bear Logo T-Shirt;"Product Description Read more Un-brrr-lieveably Good! With a delicious selection of flavors ranging from Blue Raspberry to Cherry and Lemonade - it's easy to see why ICEE has held the top spot as America's favorite frozen refreshment since 1967! To help our fellow nostalgic fans show off their love for the ""Coldest Drink in Town"", we've created a fun 90s inspired graphic tee featuring the instantly recognizable ICEE Polar Bear logo. To complete the retro look and feel on this ICEE shirt, we've distressed the graphic, and printed it on a soft poly-cotton light blue heather tee. Available in Adult Men's sizes: S, M, L, XL, XXL, and 3XL. Easily The Most Comfortable T-Shirt You'll Own Made from ultra soft poly-cotton, so it already feels like your favorite tee - right out of the box. Easy care, machine wash and dry. Don't worry about your new retro polar bear shirt fading, shrinking or losing its shape - Tee Luv graphic tees are designed to last. This vintage logo shirt also features a printed Tee Luv neck label for added comfort. Brought To You Exclusively By Tee Luv With licenses for America’s favorite brands, talented designers, and state-of-the-art operations, Tee Luv apparel provides great fitting and feeling t-shirts with designs or logos you can wear on your sleeve, pun intended. Order Your New Vintage ICEE Polar Bear Shirt Today! Tee Luv ICEE Polar Bear Logo T-Shirt Tee Luv Hawaiian ICEE Polar Bear T-Shirt Tee Luv Faded ICEE Logo Shirt Tee Luv ICEE Polar Bear Blue and Purple Tie Dye T-Shirt Tee Luv Men's Faded ICEE Polar Bear Chillaxin' Shirt Print Style Distressed Non-Distressed Distressed Non-Distressed Distressed Color Light Blue Heather Pool Blue Graphite Heather Blue and Purple Tie Dye Denim Heather Fabric 50% Cotton/50% Polyester 100% Cotton 50% Cotton/50% Polyester 100% Cotton 52% Cotton/48% Polyester Printed Tag ✓ ✓ ✓ ✓ ✓ Available Sizes Small to 3X-Large Small to 3X-Large Small to 3X-Large Small to 3X-Large Small to 3X-Large Read more ";"{""features"": {""title"": ""Tee Luv ICEE Polar Bear Logo T-Shirt"", ""description"": ""Un-brrr-lieveably Good! With a delicious selection of flavors ranging from Blue Raspberry to Cherry and Lemonade - it's easy to see why ICEE has held the top spot as America's favorite frozen refreshment since 1967! To help our fellow nostalgic fans show off their love for the \""Coldest Drink in Town\"", we've created a fun 90s inspired graphic tee featuring the instantly recognizable ICEE Polar Bear logo. To complete the retro look and feel on this ICEE shirt, we've distressed the graphic, and printed it on a soft poly-cotton light blue heather tee. Available in Adult Men's sizes: S, M, L, XL, XXL, and 3XL. Made from ultra soft poly-cotton, so it already feels like your favorite tee - right out of the box. Easy care, machine wash and dry. Don't worry about your new retro polar bear shirt fading, shrinking or losing its shape - Tee Luv graphic tees are designed to last. This vintage logo shirt also features a printed Tee Luv neck label for added comfort. Brought To You Exclusively By Tee Luv With licenses for America’s favorite brands, talented designers, and state-of-the-art operations, Tee Luv apparel provides great fitting and feeling t-shirts with designs or logos you can wear on your sleeve, pun intended. Order Your New Vintage ICEE Polar Bear Shirt Today! Tee Luv ICEE Polar Bear Logo T-Shirt Tee Luv Hawaiian ICEE Polar Bear T-Shirt Tee Luv Faded ICEE Logo Shirt Tee Luv ICEE Polar Bear Blue and Purple Tie Dye T-Shirt Tee Luv Men's Faded ICEE Polar Bear Chillaxin' Shirt Print Style Distressed Non-Distressed Distressed Non-Distressed Distressed Color Light Blue Heather Pool Blue Graphite Heather Blue and Purple Tie Dye Denim Heather Fabric 50% Cotton/50% Polyester 100% Cotton 50% Cotton/50% Polyester 100% Cotton 52% Cotton/48% Polyester Printed Tag ✓ ✓ ✓ ✓ ✓ Available Sizes Small to 3X-Large Small to 3X-Large Small to 3X-Large Small to 3X-Large Small to 3X-Large""}}";Men's Fashion
26;GADIEMKENSD Unisex Baseball Cap Breathable Sport Hat;"Product Description PROFESSIONAL HAT MANUFACTURER GADIEMKENSD has been focusing on the production of hats and peripheral products. With rich experience and advanced technology, the products are well sold in many countries around the world. Our company’s outdoor functional caps, running caps, sports caps, classic baseball caps, fashionable dad hats, sun hats, UV protection beach hats, etc. are well received by consumers. GADIEMKENSD has brand store in the United States, Canada,Britain, Germany, France, Italy, Spain, Japan and other countries. GADIEMKENSD UNSTRUCTURED UV PROTECTION OUTDOOR CAP Perfect for everyday use and hot weather, GADIEMKENSD outdoor hat is made of UV resistant fabric. Built in sweatband removes sweat from eyes and face. Two-side mesh vent keeps your head cool and comfortable. Material: 100% Nylon, UPF 50+ UV Protection (mesh vents Not rated) Overall Unstructured, Ventilation Design on Both Sides, Wicking Sweatband, Binding On Peak Two Sizes are Available M Size 6 7/8-7 1/4, 2.75"" Brim, 2.2oz (63g) L Size 7-7 1/2, 2.95"" Brim, 2.3oz (66g) Target Audience: Unisex Colors: Black, white, pink, blue, navy, gray, dark gray, red, khaki, army green, denim blue, etc. Hand wash only, shape it immediately and then air dry Read more UPF 50+ SUN PROTECTION Made of soft and durable nylon fabric which has passed UPF 50+ test (mesh vents not rated), UPF 50+ for ultimate sun protection, blocks 98%+ of damaging UVA/UVB sun rays BREATHABLE MESH DESIGN The two-side mesh design allows for moisture and heat to easily escape these caps, which not only keeps your noggin cool, but you’ll also stay dry QUICK-DRYING Light and soft quick drying fabric, even if the hat is wet with sweat or light rain, it will dry quickly. LIGHTWEIGHT LIGHTWEIGHT: About 2.3 ounces (66g). It's light and comfortable to wear all day (The weight of different colors and sizes will be slightly different) GADIEMKENSD outdoor cap is perfect for hiking, tennis and other outdoor activities, and is the perfect outdoors companion in warm weather. It has adjustable buckles to fit various head sizes Foldable Sun Hat Reflective Running Cap 2Pack Folding Cap Tripper Hat Cotton Baseball Cap Washed Canvas Cap Material Nylon Polyester Polyester Nylon+Spandex Cotton Cotton Head Circumference 6 7/8-7 3/8 6 5/8-7 1/2 6 3/4-7 1/2 6 3/4-7 1/2 6 7/8-7 3/4 6 3/4-7 1/2 Unstructural ✓ ✓ ✓ ✓ ✓ ✓ Product Features Foldable, Removable Reflective, Stretch, Quick dry Foldable, Quick dry Stretch Soft Soft ";"{""features"": [{""name"": ""Material"", ""value"": ""100% Nylon""}, {""name"": ""UPF Rating"", ""value"": ""50+""}, {""name"": ""Ventilation"", ""value"": ""Two-side mesh design""}, {""name"": ""Sweat Management"", ""value"": ""Built-in sweatband""}, {""name"": ""Sizes Available"", ""value"": ""M (6 7/8-7 1/4), L (7-7 1/2)""}, {""name"": ""Weight"", ""value"": ""2.3 ounces (66g)""}, {""name"": ""Colors"", ""value"": ""Black, white, pink, blue, navy, gray, dark gray, red, khaki, army green, denim blue, etc.""}, {""name"": ""Care Instructions"", ""value"": ""Hand wash only, shape and air dry immediately""}, {""name"": ""Additional Features"", ""value"": ""Foldable, adjustable buckles, suitable for outdoor activities""}]}";Sports and Outdoors
27;dbest products Trolley Dolly Red Foldable Shopping cart for Groceries with Wheels and Removable Bag and Rolling Personal Handtruck Standard;Product Description The Trolley Dolly is great to transport items around while on-the-go, downtown or the business. Large comfortable handle with rubberized grip reduces the shock when it is being pulled. Oversized, beefy wheels allow smooth rolling on any surface, even uneven paths. Removable shopping bag features seven compartments and pockets including a beverage holder. It is made of strong, weatherproof material. Remove the shopping bag, and the Trolley transforms into a Dolly for amazing weight capacity of 110 lb. The Trolley Dolly is the ideal solution to move a wide variety of items with ease. It folds in half the size of traditional trolleys for compact storage anywhere when not in use. The frame is made of durable aluminum. Product Description The Trolley Dolly is great to transport items around while on-the-go, downtown or the business. Large comfortable handle with rubberized grip reduces the shock when it is being pulled. Oversized, beefy wheels allow smooth rolling on any surface, even uneven paths. Removable shopping bag features seven compartments and pockets including a beverage holder. It is made of strong, weatherproof material. Remove the shopping bag, and the Trolley transforms into a Dolly for amazing weight capacity of 110 lb. The Trolley Dolly is the ideal solution to move a wide variety of items with ease. It folds in half the size of traditional trolleys for compact storage anywhere when not in use. The frame is made of durable aluminum.From the manufacturer Read more Read more Read more Read more Trolley Dolly Bigger Trolley Dolly Trolley Dolly With Seat Stair Climber Trolley Dolly Stair Climber Bigger Trolley Dolly Weight Capacity 110 lbs. 150 lbs. 110 lbs. 110 lbs. 150 lbs. Item Weight 5 lbs. 6 lbs. 8 lbs. 6 lbs. 7 lbs. Toe Plates (Inches) 9 x 13 inches 11 x 16 inches 9 x 13 inches 9 x 13 inches 11 x 16 inches Height (Inches) 38 inches 40 inches 44 inches 38 inches 44 inches Stair Climbing Weight Capacity 40 lbs. 60 lbs. Seat ✓ ;"{""features"": {""Title"": ""dbest products Trolley Dolly Red Foldable Shopping cart for Groceries with Wheels and Removable Bag and Rolling Personal Handtruck Standard"", ""Description"": ""The Trolley Dolly is great to transport items around while on-the-go, downtown or the business. Large comfortable handle with rubberized grip reduces the shock when it is being pulled. Oversized, beefy wheels allow smooth rolling on any surface, even uneven paths. Removable shopping bag features seven compartments and pockets including a beverage holder. It is made of strong, weatherproof material. Remove the shopping bag, and the Trolley transforms into a Dolly for amazing weight capacity of 110 lb. The Trolley Dolly is the ideal solution to move a wide variety of items with ease. It folds in half the size of traditional trolleys for compact storage anywhere when not in use. The frame is made of durable aluminum."", ""Weight Capacity"": ""110 lbs."", ""Item Weight"": ""5 lbs."", ""Toe Plates (Inches)"": ""9 x 13 inches"", ""Height (Inches)"": ""38 inches""}}";Luggage
29;Pure Daily Care Luma - 4 in 1 Skin Therapy Wand - Ion Therapy LED Light Machine - Wave Stimulation- Massage - Anti Aging - Lift & Firm Tighten Skin Wrinkles;"From the brand Pure Daily Care Professional Grade Skincare & Wellness Devices Previous page Pure Daily Care is a USA based brand that creates cutting-edge skincare & wellness devices. From skin-transforming technology to mood-enhancing aromatherapy, our advanced tools have helped over 1 million customers address concerns like wrinkles, breakouts, and stress with professional grade treatments at home. Pure Daily Care is the perfect gift for the Holiday season for yourself or a loved one! Skin Transforming Technology Innovative Treatments from LED Light Therapy to NuDerma High Frequency. Our Skin Devices Will Get You Fast, Affordable Results. Mood Enhancing Aromatherapy Transform Your Space into an Oasis with Top Quality Oil Diffusers and Pure Essential Oils. Shop Best Sellers Next page Product Description With Luma Wand, harness the power of 4 skin therapy modes for a curated wellness experience: · LED Photonic Light Therapy: red, blue and green light modes, to address aging, blemish, and pigmentation concerns · Bio-Wave Mode: Stimulate skin for a firmer and lifted appearance · Ionic Channeling: Clean+ mode to deep clean the skin by attracting oil, dirt and debris; Nutri- mode to apply serums and creams to deeper layers of the skin · Massage Mode: Stimulate facial muscles to promote microcirculation and lymphatic drainage What is LED light therapy, and why is it so beneficial? - LED light therapy is a non-invasive treatment where skin is exposed to one or more wavelengths (colors) of light. The light enters the skin’s layers to help improve the skin. - Different light colors penetrate the skin at different depths, addressing skin concerns that arise at various layers. Read more Red Light penetrates the deeper layers of the skin, where it helps stimulate the production of collagen, for a plumper and younger appearance Green Light penetrates the dermis, reducing the look of skin discoloration and an uneven complexion Blue Light penetrates the uppermost layers of the skin, targeting the root cause of blemishes and breakouts, and addressing inflammation Read more Combine modalities to tailor your skin care regimen: Anti-aging combination: - Bio-wave - Nutri- - Massage - Photon red light - 10 minutes Cleansing combination: - Bio-wave - Clean- - Photon green light - 15 minutes Blemish-Inflammation combination: - Photon blue light - 8 minutes Read more ";"{""features"": [{""feature"": ""4 in 1 Skin Therapy Wand""},{""feature"": ""Ion Therapy LED Light Machine""},{""feature"": ""Wave Stimulation""},{""feature"": ""Massage""},{""feature"": ""Anti Aging""},{""feature"": ""Lift & Firm Tighten Skin Wrinkles""}]}";Beauty and personal care
31;Engraved Desk Name Plate for Home Office - Beautiful Custom Desk Name Plate for Business Professional & Office Staff;Product Description Our Polished Finish Desk Wedge a is stylish, memorable way to introduce yourself to visitors. Our custom rosewood desk wedges also make a practical, yet sophisticated gift for any office professional or manager. Product Description Our Polished Finish Desk Wedge a is stylish, memorable way to introduce yourself to visitors. Our custom rosewood desk wedges also make a practical, yet sophisticated gift for any office professional or manager.;"{""features"": [""Engraved Desk Name Plate"", ""Polished Finish"", ""Custom rosewood desk wedges"", ""Stylish design"", ""Memorable way to introduce yourself"", ""Practical and sophisticated gift""]}";Office and Stationery
32;H2H Mens Casual Slim Fit Turtleneck Pullover Knit Lightweight Sweaters Shirts;From the brand Previous page H2H Lightweight Sweater List H2H Pullover Sweater List H2H Cardigan Sweater List H2H Crew neck Sweater List H2H Turtleneck Sweater List Next page Product Description H2H is a Korean brand designed for men and women offering slim fit style with highest qualities. We bring customers to a different outlook on life of fashion. ** Other Note : 1. Please refer to the size chart listed below. 2. Colors may be slightly different from on screen display and in person. Fabric Detail - Heather Color KMTTL028 / KMTTL0412 / CMOSWL072 All the styles on this page are made of the same fabric POLYESTER95% SPANDEX5% Since all styles made of two different colors of yarn, not one color but two colors are mixed in the clothes. These fabric has excellent warmth and elasticity. It is suitable for spring, fall, and winter and is soft. Read more Casual Slim Fit Pullover Sweaters - HEATHER Color and LIGHTWEIGHT Pullover Thermal Sweaters. Model Height - 73.2 inch / Weight - 169.8 lb / Model Outfit Size - US L It is a pullover sweater with a variety of colors and light and basic designs, suitable for casual daily wear. It is good for layering such as shirts and outerwear, and can create various styles. Mock neck style slightly covers the neck, giving a different feeling from turtleneck. It is good for layering such as shirts and outerwear, and can create various styles. CMOSWL045 CMOSWL068 CMOSWL073 CMOSWL076 CMOSWL087 CMTTL099 Weight Heavy A Little Heavy A Little Heavy Heavy Lightweight Lightweight Feature Twisted Patterned Solid Patterned Solid Patterned and shirring Neckline Unique Twisted Patterned Rib Knitted Fabric Pointed Patch on shoulder and spandex blended ;"{""features"": {""title"": ""H2H Mens Casual Slim Fit Turtleneck Pullover Knit Lightweight Sweaters Shirts"", ""description"": ""H2H is a Korean brand designed for men and women offering slim fit style with highest qualities. We bring customers to a different outlook on life of fashion. ** Other Note : 1. Please refer to the size chart listed below. 2. Colors may be slightly different from on screen display and in person. Fabric Detail - Heather Color KMTTL028 / KMTTL0412 / CMOSWL072 All the styles on this page are made of the same fabric POLYESTER95% SPANDEX5% Since all styles made of two different colors of yarn, not one color but two colors are mixed in the clothes. These fabric has excellent warmth and elasticity. It is suitable for spring, fall, and winter and is soft. Read more Casual Slim Fit Pullover Sweaters - HEATHER Color and LIGHTWEIGHT Pullover Thermal Sweaters. Model Height - 73.2 inch / Weight - 169.8 lb / Model Outfit Size - US L It is a pullover sweater with a variety of colors and light and basic designs, suitable for casual daily wear. It is good for layering such as shirts and outerwear, and can create various styles. Mock neck style slightly covers the neck, giving a different feeling from turtleneck. It is good for layering such as shirts and outerwear, and can create various styles. CMOSWL045 CMOSWL068 CMOSWL073 CMOSWL076 CMOSWL087 CMTTL099 Weight Heavy A Little Heavy A Little Heavy Heavy Lightweight Lightweight Feature Twisted Patterned Solid Patterned Solid Patterned and shirring Neckline Unique Twisted Patterned Rib Knitted Fabric Pointed Patch on shoulder and spandex blended""}}";Men's Fashion
